border_fraction,attended_pixel_count,overlap_precision,overlap_recall,chance_precision,enrichment,fold,dataset,patient_id,slice_index
0.28603515625,20480,0.0,0.0,0.0004296875,0.0,0,MSD,pancreas_346,90
0.40771484375,20480,,,,,0,MSD,pancreas_105,400
0.314306640625,20480,0.0,0.0,0.008115234375,0.0,0,MSD,pancreas_098,199
0.300048828125,20480,,,,,0,MSD,pancreas_270,166
0.218505859375,20480,,,,,0,MSD,pancreas_323,49
0.404248046875,20480,,,,,0,MSD,pancreas_321,59
0.19228515625,20480,,,,,0,MSD,pancreas_243,198
0.549609375,20480,,,,,0,MSD,pancreas_399,27
0.4944604421884914,20489,,,,,0,MSD,pancreas_298,30
0.264404296875,20480,,,,,0,MSD,pancreas_392,33
0.5022209205837849,20487,0.0,0.0,0.00564453125,0.0,0,MSD,pancreas_399,166
0.271875,20480,,,,,0,MSD,pancreas_392,197
0.317138671875,20480,0.0,0.0,0.001943359375,0.0,0,MSD,pancreas_367,72
0.329052734375,20480,,,,,0,MSD,pancreas_105,385
0.13671875,20480,0.0,0.0,0.00736328125,0.0,0,MSD,pancreas_066,312
0.361767578125,20480,0.0,0.0,0.00626953125,0.0,0,MSD,pancreas_209,66
0.2125,20480,,,,,0,MSD,pancreas_066,155
0.198779296875,20480,,,,,0,MSD,pancreas_304,215
0.55859375,20480,,,,,0,MSD,pancreas_399,272
0.417431640625,20480,,,,,0,MSD,pancreas_029,193
0.207080078125,20480,0.0,0.0,0.00115234375,0.0,0,MSD,pancreas_386,122
0.47076337368215543,20488,0.0,0.0,0.003798828125,0.0,0,MSD,pancreas_298,135
0.11826171875,20480,,,,,0,MSD,pancreas_052,27
0.1650390625,20480,,,,,0,MSD,pancreas_024,181
0.36408904510837725,20484,,,,,0,MSD,pancreas_010,23
0.160888671875,20480,,,,,0,MSD,pancreas_114,39
0.260400390625,20480,,,,,0,MSD,pancreas_098,289
0.528955078125,20480,,,,,0,MSD,pancreas_249,290
0.324609375,20480,0.0,0.0,0.01189453125,0.0,0,MSD,pancreas_367,111
0.13095703125,20480,0.0,0.0,0.01142578125,0.0,0,MSD,pancreas_083,82
0.334423828125,20480,,,,,0,MSD,pancreas_277,52
0.086572265625,20480,,,,,0,MSD,pancreas_180,48
0.387744140625,20480,,,,,0,MSD,pancreas_277,181
0.22578125,20480,,,,,0,MSD,pancreas_309,45
0.039892578125,20480,,,,,0,MSD,pancreas_351,64
0.546826171875,20480,,,,,0,MSD,pancreas_404,38
0.214599609375,20480,,,,,0,MSD,pancreas_148,133
0.24208984375,20480,,,,,0,MSD,pancreas_253,38
0.4404296875,20480,,,,,0,MSD,pancreas_249,278
0.445458984375,20480,,,,,0,MSD,pancreas_246,228
0.09765625,20480,0.0,0.0,0.012119140625,0.0,1,MSD,pancreas_095,79
0.052490234375,20480,,,,,1,MSD,pancreas_182,1
0.12861328125,20480,0.0,0.0,0.01232421875,0.0,1,MSD,pancreas_095,75
0.22646484375,20480,,,,,1,MSD,pancreas_218,25
0.272607421875,20480,,,,,1,MSD,pancreas_398,217
0.1376953125,20480,,,,,1,MSD,pancreas_095,44
0.411083984375,20480,0.0,0.0,0.028984375,0.0,1,MSD,pancreas_092,332
0.081689453125,20480,0.0,0.0,0.005400390625,0.0,1,MSD,pancreas_316,85
0.229833984375,20480,,,,,1,MSD,pancreas_217,264
0.121533203125,20480,,,,,1,MSD,pancreas_358,93
0.31708984375,20480,0.0,0.0,0.009619140625,0.0,1,MSD,pancreas_398,85
0.1783203125,20480,,,,,1,MSD,pancreas_124,145
0.35419921875,20480,,,,,1,MSD,pancreas_092,203
0.19365234375,20480,0.0,0.0,0.0199609375,0.0,1,MSD,pancreas_194,143
0.1220703125,20480,,,,,1,MSD,pancreas_301,52
0.181689453125,20480,,,,,1,MSD,pancreas_301,110
0.103662109375,20480,,,,,1,MSD,pancreas_358,198
0.07763671875,20480,,,,,1,MSD,pancreas_182,141
0.07749743789956566,20491,,,,,1,MSD,pancreas_001,169
0.0478515625,20480,0.0,0.0,0.01068359375,0.0,1,MSD,pancreas_194,105
0.036962890625,20480,,,,,1,MSD,pancreas_357,52
0.118212890625,20480,,,,,1,MSD,pancreas_355,205
0.110888671875,20480,,,,,1,MSD,pancreas_358,126
0.022119140625,20480,0.0,0.0,0.00654296875,0.0,1,MSD,pancreas_361,186
0.201611328125,20480,0.0,0.0,0.005859375,0.0,1,MSD,pancreas_398,73
0.1328125,20480,,,,,1,MSD,pancreas_320,154
0.0751953125,20480,0.0,0.0,0.005400390625,0.0,1,MSD,pancreas_316,86
0.1794921875,20480,,,,,1,MSD,pancreas_140,218
0.219140625,20480,,,,,1,MSD,pancreas_393,22
0.03017578125,20480,0.0,0.0,0.011884765625,0.0,1,MSD,pancreas_137,129
0.102099609375,20480,0.0,0.0,0.001484375,0.0,1,MSD,pancreas_231,72
0.16845703125,20480,,,,,1,MSD,pancreas_415,301
0.50986328125,20480,,,,,1,MSD,pancreas_091,110
0.174072265625,20480,0.0,0.0,0.00482421875,0.0,1,MSD,pancreas_416,305
0.033740234375,20480,,,,,1,MSD,pancreas_137,19
0.128369140625,20480,0.0,0.0,0.00203125,0.0,1,MSD,pancreas_358,300
0.18369140625,20480,,,,,1,MSD,pancreas_310,19
0.110888671875,20480,0.0,0.0,0.007607421875,0.0,1,MSD,pancreas_084,44
0.20615234375,20480,,,,,1,MSD,pancreas_416,436
0.1859375,20480,0.0,0.0,0.017138671875,0.0,1,MSD,pancreas_358,324
0.377783203125,20480,0.0,0.0,0.009677734375,0.0,2,MSD,pancreas_213,99
0.14404296875,20480,,,,,2,MSD,pancreas_106,127
0.149560546875,20480,,,,,2,MSD,pancreas_327,22
0.24208984375,20480,,,,,2,MSD,pancreas_032,170
0.183642578125,20480,0.0,0.0,0.029599609375,0.0,2,MSD,pancreas_032,103
0.14248046875,20480,,,,,2,MSD,pancreas_344,76
0.18232421875,20480,,,,,2,MSD,pancreas_032,198
0.117236328125,20480,,,,,2,MSD,pancreas_296,148
0.16931784912657363,20494,0.0,0.0,0.0047265625,0.0,2,MSD,pancreas_064,105
0.315869140625,20480,,,,,2,MSD,pancreas_376,53
0.228173828125,20480,,,,,2,MSD,pancreas_155,50
0.1588734869191722,20488,,,,,2,MSD,pancreas_225,14
0.26494140625,20480,,,,,2,MSD,pancreas_395,401
0.310888671875,20480,,,,,2,MSD,pancreas_303,17
0.429931640625,20480,0.0,0.0,0.002236328125,0.0,2,MSD,pancreas_211,93
0.041455078125,20480,0.0,0.0,0.037587890625,0.0,2,MSD,pancreas_125,132
0.32783203125,20480,,,,,2,MSD,pancreas_138,51
0.31494140625,20480,,,,,2,MSD,pancreas_326,178
0.323828125,20480,,,,,2,MSD,pancreas_224,230
0.083447265625,20480,,,,,2,MSD,pancreas_025,8
0.27646484375,20480,0.0,0.0,0.00265625,0.0,2,MSD,pancreas_326,62
0.06591796875,20480,0.0,0.0,0.007919921875,0.0,2,MSD,pancreas_191,70
0.23274431318949526,20486,,,,,2,MSD,pancreas_303,32
0.455810546875,20480,,,,,2,MSD,pancreas_326,185
0.094384765625,20480,0.0,0.0,0.01767578125,0.0,2,MSD,pancreas_106,82
0.041015625,20480,,,,,2,MSD,pancreas_166,165
0.49609375,20480,0.0,0.0,0.009521484375,0.0,2,MSD,pancreas_329,97
0.19072265625,20480,0.0,0.0,0.00365234375,0.0,2,MSD,pancreas_344,122
0.3751953125,20480,,,,,2,MSD,pancreas_308,45
0.11025390625,20480,0.0,0.0,0.00078125,0.0,2,MSD,pancreas_106,30
0.3728515625,20480,,,,,2,MSD,pancreas_213,173
0.240625,20480,0.0,0.0,0.00486328125,0.0,2,MSD,pancreas_344,125
0.219287109375,20480,,,,,2,MSD,pancreas_286,187
0.22637641546270987,20488,0.0,0.0,0.004853515625,0.0,2,MSD,pancreas_259,77
0.08115234375,20480,0.0,0.0,0.00896484375,0.0,2,MSD,pancreas_196,87
0.281884765625,20480,,,,,2,MSD,pancreas_259,46
0.067041015625,20480,,,,,2,MSD,pancreas_166,177
0.16484375,20480,,,,,2,MSD,pancreas_032,124
0.085693359375,20480,,,,,2,MSD,pancreas_169,144
0.16005859375,20480,,,,,2,MSD,pancreas_325,81
0.067626953125,20480,,,,,3,MSD,pancreas_067,52
0.00615234375,20480,,,,,3,MSD,pancreas_147,187
0.497802734375,20480,,,,,3,MSD,pancreas_127,183
0.033203125,20480,,,,,3,MSD,pancreas_262,160
0.20126953125,20480,0.0,0.0,0.00705078125,0.0,3,MSD,pancreas_291,113
0.012109375,20480,0.0,0.0,0.00419921875,0.0,3,MSD,pancreas_222,120
0.020849609375,20480,,,,,3,MSD,pancreas_222,36
0.162744140625,20480,,,,,3,MSD,pancreas_348,63
0.151806640625,20480,,,,,3,MSD,pancreas_207,180
0.03505859375,20480,,,,,3,MSD,pancreas_207,143
0.1607421875,20480,,,,,3,MSD,pancreas_167,217
0.01474609375,20480,,,,,3,MSD,pancreas_178,200
0.0580078125,20480,0.0,0.0,0.028720703125,0.0,3,MSD,pancreas_088,186
0.21533203125,20480,0.0,0.0,0.007314453125,0.0,3,MSD,pancreas_318,126
0.1052734375,20480,0.0,0.0,0.008642578125,0.0,3,MSD,pancreas_207,118
0.179248046875,20480,,,,,3,MSD,pancreas_167,188
0.1568359375,20480,,,,,3,MSD,pancreas_419,170
0.40400390625,20480,,,,,3,MSD,pancreas_227,57
0.026171875,20480,,,,,3,MSD,pancreas_178,196
0.07587890625,20480,,,,,3,MSD,pancreas_331,223
0.336865234375,20480,0.0,0.0,0.007822265625,0.0,3,MSD,pancreas_229,84
0.268212890625,20480,0.0,0.0,0.002392578125,0.0,3,MSD,pancreas_330,163
0.278515625,20480,,,,,3,MSD,pancreas_380,242
0.034033203125,20480,0.0,0.0,0.01703125,0.0,3,MSD,pancreas_006,99
0.116552734375,20480,0.0,0.0,0.004794921875,0.0,3,MSD,pancreas_291,121
0.2369140625,20480,,,,,3,MSD,pancreas_278,38
0.361669921875,20480,,,,,3,MSD,pancreas_127,65
0.3423828125,20480,0.0,0.0,0.003388671875,0.0,3,MSD,pancreas_297,57
0.110400390625,20480,0.0,0.0,0.027236328125,0.0,3,MSD,pancreas_099,118
0.08740234375,20480,0.0,0.0,0.01189453125,0.0,3,MSD,pancreas_012,101
0.000244140625,20480,,,,,3,MSD,pancreas_147,139
0.23600331917801531,20487,,,,,3,MSD,pancreas_255,39
0.30498046875,20480,,,,,3,MSD,pancreas_227,23
0.1681640625,20480,,,,,3,MSD,pancreas_104,55
0.1333984375,20480,,,,,3,MSD,pancreas_094,163
0.198388671875,20480,0.0,0.0,0.002080078125,0.0,3,MSD,pancreas_380,68
0.046337890625,20480,,,,,3,MSD,pancreas_354,345
0.153955078125,20480,,,,,3,MSD,pancreas_347,205
0.228173828125,20480,,,,,3,MSD,pancreas_199,231
0.117822265625,20480,,,,,3,MSD,pancreas_347,162
0.103759765625,20480,,,,,4,MSD,pancreas_087,207
0.1529296875,20480,,,,,4,MSD,pancreas_203,179
0.131982421875,20480,0.0,0.0,0.014638671875,0.0,4,MSD,pancreas_369,85
0.192041015625,20480,,,,,4,MSD,pancreas_275,187
0.33212890625,20480,,,,,4,MSD,pancreas_375,54
0.333056640625,20480,0.0,0.0,0.00619140625,0.0,4,MSD,pancreas_055,126
0.12209046991655688,20493,,,,,4,MSD,pancreas_258,28
0.176806640625,20480,0.0,0.0,0.00974609375,0.0,4,MSD,pancreas_411,162
0.158740234375,20480,,,,,4,MSD,pancreas_315,45
0.214404296875,20480,,,,,4,MSD,pancreas_228,201
0.2078125,20480,,,,,4,MSD,pancreas_135,239
0.02919921875,20480,,,,,4,MSD,pancreas_087,70
0.118310546875,20480,,,,,4,MSD,pancreas_071,109
0.222802734375,20480,0.0,0.0,0.006865234375,0.0,4,MSD,pancreas_315,79
0.291845703125,20480,,,,,4,MSD,pancreas_244,223
0.3533203125,20480,0.0,0.0,0.006806640625,0.0,4,MSD,pancreas_345,98
0.1259765625,20480,,,,,4,MSD,pancreas_369,208
0.039111328125,20480,,,,,4,MSD,pancreas_365,139
0.2240234375,20480,0.0,0.0,0.003828125,0.0,4,MSD,pancreas_236,111
0.147216796875,20480,0.0,0.0,0.014091796875,0.0,4,MSD,pancreas_203,120
0.175927734375,20480,0.0,0.0,0.0141796875,0.0,4,MSD,pancreas_385,115
0.0271484375,20480,,,,,4,MSD,pancreas_258,144
0.197802734375,20480,0.0,0.0,0.00697265625,0.0,4,MSD,pancreas_077,46
0.16953125,20480,,,,,4,MSD,pancreas_364,7
0.11025390625,20480,,,,,4,MSD,pancreas_087,379
0.133203125,20480,0.0,0.0,0.015185546875,0.0,4,MSD,pancreas_145,108
0.260205078125,20480,0.0,0.0,0.007255859375,0.0,4,MSD,pancreas_275,125
0.424951171875,20480,,,,,4,MSD,pancreas_375,216
0.19169921875,20480,,,,,4,MSD,pancreas_197,40
0.25576171875,20480,,,,,4,MSD,pancreas_411,185
0.18447265625,20480,,,,,4,MSD,pancreas_087,44
0.1806640625,20480,0.0,0.0,0.012890625,0.0,4,MSD,pancreas_374,137
0.4115234375,20480,,,,,4,MSD,pancreas_040,197
0.15517578125,20480,,,,,4,MSD,pancreas_120,379
0.214208984375,20480,,,,,4,MSD,pancreas_365,248
0.45654296875,20480,,,,,4,MSD,pancreas_198,12
0.092041015625,20480,,,,,4,MSD,pancreas_299,23
0.2638671875,20480,,,,,4,MSD,pancreas_275,38
0.2125,20480,,,,,4,MSD,pancreas_145,167
0.06015625,20480,,,,,4,MSD,pancreas_087,349
0.36,102400,,,,,0,NIH,nih_00029,28
0.263818359375,20480,,,,,0,NIH,nih_00009,43
0.36,102400,,,,,0,NIH,nih_00006,304
0.2521484375,20480,,,,,0,NIH,nih_00020,140
0.253564453125,20480,,,,,0,NIH,nih_00020,104
0.137255859375,20480,,,,,0,NIH,nih_00039,130
0.634716796875,20480,,,,,0,NIH,nih_00037,196
0.36,102400,,,,,0,NIH,nih_00062,234
0.2687857038230555,20481,,,,,0,NIH,nih_00016,151
0.455810546875,20480,,,,,0,NIH,nih_00063,99
0.21103515625,20480,,,,,0,NIH,nih_00020,7
0.223388671875,20480,,,,,0,NIH,nih_00027,49
0.128759765625,20480,,,,,0,NIH,nih_00006,112
0.12348029881353449,20481,,,,,0,NIH,nih_00068,138
0.191796875,20480,,,,,0,NIH,nih_00027,124
0.39755859375,20480,,,,,0,NIH,nih_00037,85
0.328076171875,20480,,,,,0,NIH,nih_00037,100
0.3194518425257857,20651,,,,,0,NIH,nih_00010,63
0.20038084077925883,20481,,,,,0,NIH,nih_00029,144
0.36,102400,,,,,0,NIH,nih_00061,294
0.6192266380236305,20482,,,,,1,NIH,nih_00032,163
0.36,102400,,,,,1,NIH,nih_00041,91
0.36,102400,,,,,1,NIH,nih_00007,6
0.36,102400,,,,,1,NIH,nih_00077,145
0.36,102400,,,,,1,NIH,nih_00052,116
0.36,102400,,,,,1,NIH,nih_00023,60
0.36,102400,,,,,1,NIH,nih_00023,14
0.36,102400,,,,,1,NIH,nih_00060,123
0.36,102400,,,,,1,NIH,nih_00015,299
0.200390625,20480,,,,,1,NIH,nih_00065,247
0.35365913196309134,20483,,,,,1,NIH,nih_00041,203
0.182470703125,20480,,,,,1,NIH,nih_00077,1
0.3392578125,20480,,,,,1,NIH,nih_00047,76
0.4083675063464167,20484,,,,,1,NIH,nih_00004,32
0.4333544828932598,20489,,,,,1,NIH,nih_00077,164
0.36,102400,,,,,1,NIH,nih_00038,76
0.17275390625,20480,,,,,1,NIH,nih_00065,248
0.302099609375,20480,,,,,1,NIH,nih_00047,71
0.36,102400,,,,,1,NIH,nih_00065,12
0.36,102400,,,,,1,NIH,nih_00067,8
0.36,102400,,,,,2,NIH,nih_00079,79
0.3904296875,20480,,,,,2,NIH,nih_00079,213
0.324560546875,20480,,,,,2,NIH,nih_00045,183
0.36,102400,,,,,2,NIH,nih_00079,228
0.25625,20480,,,,,2,NIH,nih_00026,207
0.0875,20480,,,,,2,NIH,nih_00049,102
0.4625,20480,,,,,2,NIH,nih_00003,184
0.275390625,20480,,,,,2,NIH,nih_00045,39
0.36,102400,,,,,2,NIH,nih_00066,168
0.36,102400,,,,,2,NIH,nih_00079,236
0.0943359375,20480,,,,,2,NIH,nih_00066,157
0.36,102400,,,,,2,NIH,nih_00026,222
0.24957289988773368,20487,,,,,2,NIH,nih_00040,188
0.3450009763718024,20484,,,,,2,NIH,nih_00049,221
0.168505859375,20480,,,,,2,NIH,nih_00080,122
0.36,102400,,,,,2,NIH,nih_00033,86
0.36,102400,,,,,2,NIH,nih_00030,1
0.36,102400,,,,,2,NIH,nih_00053,158
0.36,102400,,,,,2,NIH,nih_00022,166
0.36,102400,,,,,2,NIH,nih_00022,133
0.36,102400,,,,,3,NIH,nih_00064,19
0.3810546875,20480,,,,,3,NIH,nih_00064,176
0.36,102400,,,,,3,NIH,nih_00048,223
0.36,102400,,,,,3,NIH,nih_00054,99
0.26484375,20480,,,,,3,NIH,nih_00002,99
0.22020409159708998,20481,,,,,3,NIH,nih_00042,72
0.19510766075875202,20481,,,,,3,NIH,nih_00042,148
0.36,102400,,,,,3,NIH,nih_00043,53
0.1302352826320414,20486,,,,,3,NIH,nih_00042,20
0.00986328125,20480,,,,,3,NIH,nih_00002,115
0.36,102400,,,,,3,NIH,nih_00050,169
0.36,102400,,,,,3,NIH,nih_00043,130
0.180908203125,20480,,,,,3,NIH,nih_00035,86
0.36,102400,,,,,3,NIH,nih_00011,145
0.36,102400,,,,,3,NIH,nih_00008,124
0.36,102400,,,,,3,NIH,nih_00011,113
0.36,102400,,,,,3,NIH,nih_00012,94
0.36,102400,,,,,3,NIH,nih_00021,151
0.36,102400,,,,,3,NIH,nih_00075,39
0.36,102400,,,,,3,NIH,nih_00050,73
0.36,102400,,,,,4,NIH,nih_00024,187
0.313916015625,20480,,,,,4,NIH,nih_00051,94
0.36,102400,,,,,4,NIH,nih_00031,26
0.05351301205995801,20481,,,,,4,NIH,nih_00028,121
0.25849609375,20480,,,,,4,NIH,nih_00028,154
0.458349609375,20480,,,,,4,NIH,nih_00059,189
0.023631658610419413,20481,,,,,4,NIH,nih_00076,74
0.07992773790342268,20481,,,,,4,NIH,nih_00031,153
0.050927734375,20480,,,,,4,NIH,nih_00076,223
0.36,102400,,,,,4,NIH,nih_00013,134
0.36,102400,,,,,4,NIH,nih_00031,14
0.212841796875,20480,,,,,4,NIH,nih_00070,74
0.31455078125,20480,,,,,4,NIH,nih_00059,60
0.031494140625,20480,,,,,4,NIH,nih_00034,212
0.36,102400,,,,,4,NIH,nih_00014,108
0.2578125,20480,,,,,4,NIH,nih_00014,93
0.323828125,20480,,,,,4,NIH,nih_00069,202
0.13535264852209541,20502,,,,,4,NIH,nih_00034,147
0.0,20480,,,,,4,NIH,nih_00076,28
0.0026365900102534056,20481,,,,,4,NIH,nih_00031,170
